<model_info><model_components><categories><category name="Passive Components"><components><component name="Plant.Series RLC Branch2" type="Series RLC Branch" /><component name="Plant.C2" type="Capacitor" /><component name="Plant.C1" type="Capacitor" /><component name="Plant.R10" type="Resistor" /><component name="Plant.R1" type="Resistor" /><component name="Plant.R9" type="Resistor" /><component name="Plant.Series RLC Branch1" type="Series RLC Branch" /><component name="Plant.Series RLC Branch3" type="Series RLC Branch" /></components></category><category name="Measurements"><components><component name="Plant.v_h" type="Voltage Measurement" /><component name="Plant.Va" type="Voltage Measurement" /><component name="Plant.Vc" type="Voltage Measurement" /><component name="Plant.Iag" type="Current Measurement" /><component name="Plant.Ibg" type="Current Measurement" /><component name="Plant.Icg" type="Current Measurement" /><component name="Plant.Vb" type="Voltage Measurement" /></components></category><category name="Sources"><components><component name="Plant.gnd3" type="Ground" /><component name="Plant.gnd1" type="Ground" /><component name="Plant.v_dc" type="Voltage Source" /><component name="Plant.Vs1" type="Three Phase Voltage Source" /><component name="Plant.gnd2" type="Ground" /></components></category><category name="Converters"><components><component name="Plant.IGBT Leg1" type="Half Bridge" /><component name="Plant.IGBT Leg2" type="Half Bridge" /><component name="Plant.IGBT Leg3" type="Half Bridge" /></components></category><category name="Signal Processing"><categories><category name="Math Operations"><components><component name="dq_pivsg_ctrl.Gain1" type="Gain" /><component name="dq_pivsg_ctrl.Gain3" type="Gain" /><component name="dq_pivsg_ctrl.Gain4" type="Gain" /><component name="dq_pivsg_ctrl.Gain2" type="Gain" /><component name="dq_pivsg_ctrl.Sum2" type="Sum" /><component name="dq_pivsg_ctrl.Sum1" type="Sum" /></components></category><category name="Sources"><components><component name="dq_pivsg_ctrl.Constant2" type="Constant" /><component name="dq_pivsg_ctrl.Constant4" type="Constant" /><component name="dq_pivsg_ctrl.Constant7" type="Constant" /><component name="dq_pivsg_ctrl.Constant1" type="Constant" /><component name="dq_pivsg_ctrl.Constant5" type="Constant" /><component name="dq_pivsg_ctrl.Constant6" type="Constant" /></components></category><category name="System"><components><component name="dq_pivsg_ctrl.Bus Join11" type="Bus Join" /><component name="dq_pivsg_ctrl.Bus Join14" type="Bus Join" /><component name="dq_pivsg_ctrl.Bus Join13" type="Bus Join" /><component name="dq_pivsg_ctrl.Signal switch1" type="Signal switch" /><component name="dq_pivsg_ctrl.Bus Split1" type="Bus Split" /><component name="dq_pivsg_ctrl.Bus Join17" type="Bus Join" /><component name="dq_pivsg_ctrl.Bus Join16" type="Bus Join" /><component name="dq_pivsg_ctrl.Bus Join15" type="Bus Join" /><component name="dq_pivsg_ctrl.Bus Split2" type="Bus Split" /><component name="dq_pivsg_ctrl.Bus Join9" type="Bus Join" /></components></category><category name="Functions and Tables"><components><component name="dq_pivsg_ctrl.C function powers" type="C function" /><component name="dq_pivsg_ctrl.C function VSG" type="C function" /><component name="dq_pivsg_ctrl.C function dq to abc" type="C function" /><component name="dq_pivsg_ctrl.C function PI current controller1" type="C function" /><component name="dq_pivsg_ctrl.C function PLL" type="C function" /></components></category><category name="Discrete"><components><component name="dq_pivsg_ctrl.Delay1" type="Delay" /></components></category><category name="Sinks"><components><component name="dq_pivsg_ctrl.Termination3" type="Termination" /><component name="dq_pivsg_ctrl.Termination6" type="Termination" /></components></category></categories></category><category name="PWM"><components><component name="dq_pivsg_ctrl.ePWM (Generic)2" type="ePWM (Generic)" /><component name="dq_pivsg_ctrl.ePWM (Generic)1" type="ePWM (Generic)" /></components></category><category name="Communication"><components><component name="dq_pivsg_ctrl.SCI Setup1" type="SCI Setup (Generic)" /><component name="dq_pivsg_ctrl.SCI Send1" type="SCI Send (Generic)" /><component name="dq_pivsg_ctrl.SCI Receive1" type="SCI Receive (Generic)" /></components></category><category name="ADC"><components><component name="dq_pivsg_ctrl.ADC (Generic)6" type="ADC (Generic)" /><component name="dq_pivsg_ctrl.ADC (Generic)2" type="ADC (Generic)" /><component name="dq_pivsg_ctrl.ADC (Generic)4" type="ADC (Generic)" /><component name="dq_pivsg_ctrl.ADC (Generic)5" type="ADC (Generic)" /><component name="dq_pivsg_ctrl.ADC (Generic)3" type="ADC (Generic)" /><component name="dq_pivsg_ctrl.ADC (Generic)1" type="ADC (Generic)" /></components></category><category name="GPIO"><components><component name="dq_pivsg_ctrl.GPIO DO (Generic)1" type="GPIO DO (Generic)" /><component name="dq_pivsg_ctrl.GPIO DO (Generic)2" type="GPIO DO (Generic)" /></components></category><category name=""><components><component name="TI RCP Setup1" type="TI C2000 Setup" /></components></category></categories></model_components></model_info>