<model_info><model_components><categories><category name="Passive Components"><components><component name="Plant.Rdc" type="Resistor" /><component name="Plant.Grid side inductor_Rs_Ls" type="Series RLC Branch" /><component name="Plant.Capacitor and dampin resistor" type="Series RLC Branch" /><component name="Plant.Cdc" type="Capacitor" /><component name="Plant.VSC side inductor_Rt_Lt" type="Series RLC Branch" /></components></category><category name="TyphoonSim"><components><component name="Plant.omega_f_grid" type="Scope" /><component name="SCADA.it_abc, is_abc, eta_abc" type="Scope" /><component name="SCADA.omega_theta" type="Scope" /><component name="SCADA.Power Reference Tracking" type="Scope" /><component name="SCADA.Current Reference Tracking" type="Scope" /></components></category><category name="Contactors"><components><component name="Plant.S1" type="Triple Pole Single Throw Contactor" /></components></category><category name="Measurements"><components><component name="Plant.vt_a" type="Voltage Measurement" /><component name="Plant.v_sb" type="Voltage Measurement" /><component name="Plant.Idc_link" type="Current Measurement" /><component name="Plant.VDC" type="Voltage Measurement" /><component name="Plant.is_b" type="Current Measurement" /><component name="Plant.vs_a" type="Voltage Measurement" /><component name="Plant.vt_b" type="Voltage Measurement" /><component name="Plant.is_c" type="Current Measurement" /><component name="Plant.it_a" type="Current Measurement" /><component name="Plant.it_c" type="Current Measurement" /><component name="Plant.it_b" type="Current Measurement" /><component name="Plant.vt_c" type="Voltage Measurement" /><component name="Plant.is_a" type="Current Measurement" /><component name="Plant.vs_c" type="Voltage Measurement" /></components></category><category name="Signal Processing"><categories><category name="Sinks"><components><component name="Plant.Termination1" type="Termination" /><component name="Plant.omega_grid" type="Probe" /><component name="Plant.f_grid" type="Probe" /><component name="SCADA.is_a_SCADA" type="Probe" /><component name="SCADA.theta_SCADA" type="Probe" /><component name="SCADA.is_c_SCADA" type="Probe" /><component name="SCADA.eta_b" type="Probe" /><component name="SCADA.omega_SCADA" type="Probe" /><component name="SCADA.is_d" type="Probe" /><component name="SCADA.p_ref" type="Probe" /><component name="SCADA.q_ref" type="Probe" /><component name="SCADA.eta_q" type="Probe" /><component name="SCADA.is_q" type="Probe" /><component name="SCADA.q" type="Probe" /><component name="SCADA.is_q_ref" type="Probe" /><component name="SCADA.eta_d" type="Probe" /><component name="SCADA.v_q" type="Probe" /><component name="SCADA.is_d_ref" type="Probe" /><component name="SCADA.v_d" type="Probe" /><component name="SCADA.eta_c" type="Probe" /><component name="SCADA.eta_a" type="Probe" /><component name="SCADA.is_b_SCADA" type="Probe" /><component name="SCADA.p" type="Probe" /></components></category><category name="Functions and Tables"><components><component name="Plant.C function1" type="C function" /><component name="Controller.C function VSG" type="C function" /><component name="Controller.C function dq to abc" type="C function" /><component name="Controller.C function PI current controller" type="C function" /></components></category><category name="System"><components><component name="Plant.Bus Split1" type="Bus Split" /><component name="Controller.Rate Transition3" type="Rate Transition" /><component name="Controller.Bus Join13" type="Bus Join" /><component name="Controller.Bus Join12" type="Bus Join" /><component name="Controller.Rate Transition4" type="Rate Transition" /><component name="Controller.Bus Join14" type="Bus Join" /><component name="Controller.Bus Join9" type="Bus Join" /><component name="Controller.Bus Split1" type="Bus Split" /><component name="Controller.Bus Join8" type="Bus Join" /><component name="Controller.Bus Join11" type="Bus Join" /><component name="SCADA.Rate Transition24" type="Rate Transition" /><component name="SCADA.Bus Split3" type="Bus Split" /><component name="SCADA.Rate Transition13" type="Rate Transition" /><component name="SCADA.Rate Transition8" type="Rate Transition" /><component name="SCADA.Rate Transition16" type="Rate Transition" /><component name="SCADA.Rate Transition14" type="Rate Transition" /><component name="SCADA.Rate Transition12" type="Rate Transition" /><component name="SCADA.Rate Transition7" type="Rate Transition" /><component name="SCADA.Rate Transition11" type="Rate Transition" /><component name="SCADA.Rate Transition21" type="Rate Transition" /><component name="SCADA.Bus Join7" type="Bus Join" /><component name="SCADA.Rate Transition23" type="Rate Transition" /><component name="SCADA.Rate Transition15" type="Rate Transition" /><component name="SCADA.Rate Transition10" type="Rate Transition" /><component name="SCADA.Bus Split1" type="Bus Split" /><component name="SCADA.Bus Split2" type="Bus Split" /><component name="SCADA.Bus Split5" type="Bus Split" /><component name="SCADA.Rate Transition9" type="Rate Transition" /><component name="SCADA.Rate Transition22" type="Rate Transition" /><component name="SCADA.Bus Split4" type="Bus Split" /></components></category><category name="Sources"><components><component name="Plant.C" type="Constant" /><component name="SCADA.Clock1" type="Clock" /><component name="SCADA.contactor_SCADA" type="Step" /><component name="SCADA.pref" type="Step" /><component name="SCADA.qref" type="Step" /></components></category><category name="Math Operations"><components><component name="SCADA.Gain2" type="Gain" /><component name="SCADA.Gain3" type="Gain" /><component name="SCADA.Gain1" type="Gain" /><component name="SCADA.Gain4" type="Gain" /></components></category></categories></category><category name="Sources"><components><component name="Plant.Vsp2" type="Signal Controlled Voltage Source" /><component name="Plant.Vdc_link" type="Voltage Source" /><component name="Plant.gnd6" type="Ground" /><component name="Plant.gnd3" type="Ground" /><component name="Plant.Vsp3" type="Signal Controlled Voltage Source" /><component name="Plant.Vsp1" type="Signal Controlled Voltage Source" /><component name="Plant.gnd5" type="Ground" /></components></category><category name="Converters"><components><component name="Plant.Three Phase Inverter" type="Three Phase Inverter" /></components></category></categories></model_components></model_info>