<model_info><model_components><categories><category name="Passive Components"><components><component name="Plant.R10" type="Resistor" /><component name="Plant.C1" type="Capacitor" /><component name="Plant.Series RLC Branch3" type="Series RLC Branch" /><component name="Plant.Series RLC Branch2" type="Series RLC Branch" /><component name="Plant.R9" type="Resistor" /><component name="Plant.R1" type="Resistor" /><component name="Plant.Series RLC Branch1" type="Series RLC Branch" /><component name="Plant.C2" type="Capacitor" /></components></category><category name="Measurements"><components><component name="Plant.Ibg" type="Current Measurement" /><component name="Plant.Icg" type="Current Measurement" /><component name="Plant.Iag" type="Current Measurement" /><component name="Plant.Va" type="Voltage Measurement" /><component name="Plant.Vc" type="Voltage Measurement" /><component name="Plant.v_h" type="Voltage Measurement" /><component name="Plant.Vb" type="Voltage Measurement" /></components></category><category name="Sources"><components><component name="Plant.gnd2" type="Ground" /><component name="Plant.gnd3" type="Ground" /><component name="Plant.v_dc" type="Voltage Source" /><component name="Plant.gnd1" type="Ground" /><component name="Plant.Vs1" type="Three Phase Voltage Source" /></components></category><category name="Converters"><components><component name="Plant.IGBT Leg2" type="Half Bridge" /><component name="Plant.IGBT Leg1" type="Half Bridge" /><component name="Plant.IGBT Leg3" type="Half Bridge" /></components></category></categories></model_components></model_info>