<model_info><model_components><categories><category name="Sources"><components><component name="Plant.Vdc_link" type="Voltage Source" /><component name="Plant.gnd3" type="Ground" /><component name="Plant.gnd5" type="Ground" /><component name="Plant.gnd4" type="Ground" /><component name="Plant.Vgrid" type="Three Phase Voltage Source" /></components></category><category name="Measurements"><components><component name="Plant.vt_b" type="Voltage Measurement" /><component name="Plant.VDC" type="Voltage Measurement" /><component name="Plant.is_c" type="Current Measurement" /><component name="Plant.it_c" type="Current Measurement" /><component name="Plant.vt_c" type="Voltage Measurement" /><component name="Plant.v_sb" type="Voltage Measurement" /><component name="Plant.vt_a" type="Voltage Measurement" /><component name="Plant.is_a" type="Current Measurement" /><component name="Plant.vs_c" type="Voltage Measurement" /><component name="Plant.it_b" type="Current Measurement" /><component name="Plant.is_b" type="Current Measurement" /><component name="Plant.Idc_link" type="Current Measurement" /><component name="Plant.vs_a" type="Voltage Measurement" /><component name="Plant.it_a" type="Current Measurement" /></components></category><category name="Contactors"><components><component name="Plant.S1" type="Triple Pole Single Throw Contactor" /></components></category><category name="Passive Components"><components><component name="Plant.Grid side inductor_Rs_Ls" type="Series RLC Branch" /><component name="Plant.Rdc" type="Resistor" /><component name="Plant.VSC side inductor_Rt_Lt" type="Series RLC Branch" /><component name="Plant.Cdc" type="Capacitor" /><component name="Plant.Capacitor and dampin resistor" type="Series RLC Branch" /></components></category><category name="Signal Processing"><categories><category name="System"><components><component name="Plant.Bus Split1" type="Bus Split" /><component name="Controller.Bus Join6" type="Bus Join" /><component name="Controller.Rate Transition3" type="Rate Transition" /><component name="Controller.Bus Join4" type="Bus Join" /><component name="Controller.Bus Join3" type="Bus Join" /><component name="Controller.Bus Join8" type="Bus Join" /><component name="Controller.Bus Join5" type="Bus Join" /><component name="Controller.Bus Join11" type="Bus Join" /><component name="Controller.Rate Transition2" type="Rate Transition" /><component name="Controller.Bus Join9" type="Bus Join" /><component name="SCADA.Rate Transition1" type="Rate Transition" /><component name="SCADA.Bus Split4" type="Bus Split" /><component name="SCADA.Bus Split1" type="Bus Split" /><component name="SCADA.Rate Transition2" type="Rate Transition" /><component name="SCADA.Bus Split5" type="Bus Split" /><component name="SCADA.Rate Transition5" type="Rate Transition" /><component name="SCADA.Bus Split2" type="Bus Split" /><component name="SCADA.Bus Join7" type="Bus Join" /><component name="SCADA.Rate Transition6" type="Rate Transition" /><component name="SCADA.Bus Split3" type="Bus Split" /><component name="SCADA.Rate Transition3" type="Rate Transition" /><component name="SCADA.Rate Transition4" type="Rate Transition" /></components></category><category name="Sources"><components><component name="Plant.C" type="Constant" /><component name="Controller.Clock1" type="Clock" /><component name="SCADA.contactor_SCADA" type="Step" /><component name="SCADA.qref" type="Step" /><component name="SCADA.pref" type="Step" /><component name="SCADA.Clock1" type="Clock" /></components></category><category name="Sinks"><components><component name="Controller.Termination3" type="Termination" /><component name="SCADA.eta_b" type="Probe" /><component name="SCADA.is_d" type="Probe" /><component name="SCADA.p" type="Probe" /><component name="SCADA.is_a_SCADA" type="Probe" /><component name="SCADA.p_ref" type="Probe" /><component name="SCADA.is_b_SCADA" type="Probe" /><component name="SCADA.eta_c" type="Probe" /><component name="SCADA.is_d_ref" type="Probe" /><component name="SCADA.is_q" type="Probe" /><component name="SCADA.is_c_SCADA" type="Probe" /><component name="SCADA.omega_SCADA" type="Probe" /><component name="SCADA.is_q_ref" type="Probe" /><component name="SCADA.v_d" type="Probe" /><component name="SCADA.eta_d" type="Probe" /><component name="SCADA.q_ref" type="Probe" /><component name="SCADA.q_fil" type="Probe" /><component name="SCADA.eta_a" type="Probe" /><component name="SCADA.v_q" type="Probe" /><component name="SCADA.q" type="Probe" /><component name="SCADA.theta_SCADA" type="Probe" /><component name="SCADA.eta_q" type="Probe" /><component name="SCADA.p_fil" type="Probe" /></components></category><category name="Functions and Tables"><components><component name="Controller.C function dq to abc" type="C function" /><component name="Controller.C function PI current controller" type="C function" /><component name="Controller.C function current refer" type="C function" /><component name="Controller.C function abc to dq" type="C function" /><component name="Controller.C function PLL" type="C function" /><component name="SCADA.C function powers" type="C function" /></components></category></categories></category><category name="Converters"><components><component name="Plant.Three Phase Inverter" type="Three Phase Inverter" /></components></category><category name="TyphoonSim"><components><component name="SCADA.omega_theta" type="Scope" /><component name="SCADA.Power Reference Tracking" type="Scope" /><component name="SCADA.it_abc, is_abc, eta_abc" type="Scope" /><component name="SCADA.Current Reference Tracking" type="Scope" /></components></category></categories></model_components></model_info>